{
  "timestamp": "2025-09-13T22:29:18.369106",
  "model_info": {
    "architecture": "Variational Autoencoder",
    "parameters": 1082680,
    "config": {
      "input_dim": 784,
      "hidden_dims": [
        512,
        256
      ],
      "latent_dim": 20,
      "beta": 1.0
    }
  },
  "training_history": {
    "total_loss": [
      67948.271484375,
      66999.2734375,
      67326.5400390625,
      67055.5126953125,
      66897.3779296875,
      66902.69091796875,
      66903.32739257812,
      66875.88916015625,
      66851.19970703125,
      66838.22827148438,
      66851.09130859375,
      66874.5400390625,
      66884.85498046875,
      66865.24169921875,
      66859.54809570312,
      66848.46142578125,
      66908.94848632812,
      66981.9404296875,
      66874.10693359375,
      66808.595703125
    ],
    "recon_loss": [
      67907.88037109375,
      66976.228515625,
      67322.533203125,
      67053.9814453125,
      66895.9755859375,
      66901.83666992188,
      66902.8662109375,
      66875.50244140625,
      66850.85693359375,
      66837.90893554688,
      66850.81030273438,
      66874.25903320312,
      66884.56982421875,
      66864.92529296875,
      66859.17626953125,
      66847.935546875,
      66908.203125,
      66981.14697265625,
      66873.35668945312,
      66807.92529296875
    ],
    "kl_loss": [
      40.391839414834976,
      23.045713871717453,
      4.006983831524849,
      1.5326584503054619,
      1.4020049758255482,
      0.8542037159204483,
      0.4613593854010105,
      0.38697613775730133,
      0.3423290830105543,
      0.3201948758214712,
      0.281021598726511,
      0.2818043474107981,
      0.28470464050769806,
      0.3169386014342308,
      0.3713145777583122,
      0.5258025918155909,
      0.7449049018323421,
      0.7940259128808975,
      0.7508735377341509,
      0.6699734963476658
    ]
  },
  "evaluation_results": {
    "reconstruction": {
      "mse": 0.02006194368004799,
      "mae": 0.11744888126850128
    },
    "latent_space": {
      "dimension": 20,
      "mean_range": [
        -0.0104196323081851,
        0.01644792966544628
      ],
      "std_range": [
        0.0,
        1.8649777278056945e-09
      ]
    },
    "generation": {
      "n_samples": 100,
      "mean": 0.5732584595680237,
      "std": 0.008660571649670601,
      "range": [
        0.5416545867919922,
        0.6270221471786499
      ]
    },
    "interpolation": {
      "steps": 10,
      "smoothness": 4.030592217439175e-18
    },
    "uncertainty": {
      "epistemic": 5.7656601711642e-05
    }
  }
}